L,order,contrast,L2-u1-T,L2-u1-T-rel,dy-L2-u1-T,L-infty-L2-error-u,L-infty-L2-error-ut,L2-L2-error-u_t,bestapprox-L2-u1-T,bestapprox-L2-u1-T-rel,bestapprox-dy-L2-u1-T,bestapprox-L-infty-L2-error-u,bestapprox-L-infty-L2-error-ut,bestapprox-L2-L2-error-u_t
4,3,1.0,1.2106131320738696e-06,2.4212262641477875e-06,3.2169081975220635e-05,1.916167375983678e-06,0.0006352857041282937,0.00014824577355326577,7.861434829251498e-07,1.5722869658503309e-06,1.1017458181477202e-13,1.00204637864157e-06,0.0008502779365789243,0.00017133603749941946
