L,order,contrast,L2-u1-T,L2-u1-T-rel,dy-L2-u1-T,L-infty-L2-error-u,L-infty-L2-error-ut,L2-L2-error-u_t,bestapprox-L2-u1-T,bestapprox-L2-u1-T-rel,bestapprox-dy-L2-u1-T,bestapprox-L-infty-L2-error-u,bestapprox-L-infty-L2-error-ut,bestapprox-L2-L2-error-u_t
4,2,1.0,0.0001032209205136417,0.00020644184102728161,0.0035095584541060564,0.00021107964927970948,0.02614652827127905,0.008030027765747858,7.045923050363153e-05,0.00014091846100726185,6.580452025343408e-14,8.7707290192191e-05,0.029849172489453384,0.008043583699304515
