L,order,contrast,L2-u1-T,L2-u1-T-rel,dy-L2-u1-T,L-infty-L2-error-u,L-infty-L2-error-ut,L2-L2-error-u_t,bestapprox-L2-u1-T,bestapprox-L2-u1-T-rel,bestapprox-dy-L2-u1-T,bestapprox-L-infty-L2-error-u,bestapprox-L-infty-L2-error-ut,bestapprox-L2-L2-error-u_t
4,3,1.5,4.163861110164241e-06,1.5122522946700361e-05,0.00025012427348259904,9.16855671214934e-06,0.003399338348567173,0.0007867025796130604,2.7500924146255694e-06,9.987925760588432e-06,7.072771419931299e-14,5.153472918123894e-06,0.004348947873360857,0.0008662831072062744
