L,order,contrast,L2-u1-T,L2-u1-T-rel,dy-L2-u1-T,L-infty-L2-error-u,L-infty-L2-error-ut,L2-L2-error-u_t,bestapprox-L2-u1-T,bestapprox-L2-u1-T-rel,bestapprox-dy-L2-u1-T,bestapprox-L-infty-L2-error-u,bestapprox-L-infty-L2-error-ut,bestapprox-L2-L2-error-u_t
4,2,1.5,0.0008767734424512231,0.0031843104505117404,0.01454920047067541,0.0012806252646034458,0.09412602043941384,0.030318778173869007,0.00020205917532788525,0.0007338488057069132,4.305640982274801e-14,0.00029290566523370204,0.11060261046019369,0.02811442974793998
4,2,2.0,0.0019436426516781502,4987788770015.352,0.032932831144015635,0.004904610233766345,0.256001967422428,0.0871448606275829,0.0004975240075315514,1276749435106.4624,8.85160079905874e-15,0.0006030734431398321,0.29414109191215504,0.06656252612351944
4,2,2.5,0.008387640955178877,0.031330894735383204,0.08883882051466006,0.012821509701201633,0.5290868864078282,0.24486756970911233,0.0010202524840334795,0.003811014724113745,6.646272324866096e-14,0.0012850664435631182,0.5721608371763834,0.12982348541633162
