L,order,contrast,L2-u1-T,L2-u1-T-rel,dy-L2-u1-T,L-infty-L2-error-u,L-infty-L2-error-ut,L2-L2-error-u_t,bestapprox-L2-u1-T,bestapprox-L2-u1-T-rel,bestapprox-dy-L2-u1-T,bestapprox-L-infty-L2-error-u,bestapprox-L-infty-L2-error-ut,bestapprox-L2-L2-error-u_t
4,2,1.5,0.0008767734424512231,0.0031843104505117404,0.01454920047067541,0.0012806252646034458,0.09412602043941384,0.030318778173869007,0.00020205917532788525,0.0007338488057069132,4.305640982274801e-14,0.00029290566523370204,0.11060261046019369,0.02811442974793998
